county,year,status,soh_latest,soh_own_book,total_millage,countywide_millage,school_millage,aggregate_millage,millage_book
Alachua,2021,R-NVAB,2090986075,2088913118,21.3055,16.2948,6.843,5.0107,databook_2021
Baker,2021,R-Final,210790692,210790692,15.4222,14.175,5.812,1.2472,databook_2021
Bay,2021,R-NVAB,1148810914,1148081237,12.2765,10.3126,5.847,1.9639,databook_2021
Bradford,2021,R-Final,69527168,69527168,17.3463,15.913,5.913,1.4333,databook_2021
Brevard,2021,R-NVAB,12084433580,12084398090,15.6037,10.3516,5.85,5.2521,databook_2021
Broward,2021,R-NVAB,44861992890,44840087610,19.8427,12.8902,6.4620999999999995,6.9525,databook_2021
Calhoun,2021,R-Final,31188952,31188952,15.9442,15.7184,5.789,0.2258,databook_2021
Charlotte,2021,R-NVAB,3183421187,3181530831,16.9196,13.3901,6.85,3.5295,databook_2021
Citrus,2021,R-NVAB,2193831897,2193096807,14.9635,13.6754,5.817,1.2881,databook_2021
Clay,2021,R-NVAB,2594888711,2593931226,15.823,12.5666,6.775,3.2564,databook_2021
Collier,2021,R-NVAB,11943285556,11943397583,11.0528,8.9505,4.889,2.1023,databook_2021
Columbia,2021,R-Final,389728835,389728835,15.3836,14.0675,5.891,1.3161,databook_2021
Miami-Dade,2021,R-NVAB,52349149377,52290494032,19.1508,12.9726,7.0089999999999995,6.1782,databook_2021
DeSoto,2021,R-NVAB,268915297,268773941,17.688,14.5525,5.793,3.1355,databook_2021
Dixie,2021,R-Final,65408914,65408914,19.745,16.2375,5.876,3.5075,databook_2021
Duval,2021,R-NVAB,10657164148,10647330126,17.5383,6.0589,5.808,11.4794,databook_2021
Escambia,2021,R-NVAB,3376429076,3376554178,14.6476,12.8029,5.657,1.8447,databook_2021
Flagler,2021,R-NVAB,2054219537,2054219537,18.2096,14.6006,5.865,3.609,databook_2021
Franklin,2021,R-Final,169470095,169470095,12.0434,10.5541,5.054,1.4893,databook_2021
Gadsden,2021,R-Final,120199607,120199607,16.488,14.9034,5.874,1.5846,databook_2021
Gilchrist,2021,R-Final,125938586,125938586,16.8444,16.5239,5.8,0.3205,databook_2021
Glades,2021,R-NVAB,68172925,68172925,18.964,15.2244,5.867,3.7396,databook_2021
Gulf,2021,R-Final,195288428,195288428,14.4676,13.0374,6.208,1.4302,databook_2021
Hamilton,2021,R-Final,48460076,48460076,16.9539,16.3825,6.021,0.5714,databook_2021
Hardee,2021,R-NVAB,165749056,165735307,15.7713,14.9889,5.819,0.7824,databook_2021
Hendry,2021,R-NVAB,369799962,369796364,18.6366,17.3489,5.801,1.2877,databook_2021
Hernando,2021,R-NVAB,2924596968,2923181849,16.6959,15.391,6.777,1.3049,databook_2021
Highlands,2021,R-NVAB,948463146,950277852,15.7279,14.429,5.879,1.2989,databook_2021
Hillsborough,2021,R-NVAB,23530821096,23523238125,18.5998,12.4462,5.849,6.1536,databook_2021
Holmes,2021,R-Final,18540817,18540817,15.4428,15.371,5.85,0.0718,databook_2021
Indian River,2021,R-NVAB,3844198681,3841081887,14.5698,9.8155,6.268,4.7543,databook_2021
Jackson,2021,R-Final,126423122,126423122,13.6421,12.83,5.3556,0.8121,databook_2021
Jefferson,2021,R-Final,101845857,101845857,14.9462,13.815,5.865,1.1312,databook_2021
Lafayette,2021,R-Final,27574581,27574581,16.6465,16.0435,5.682,0.603,databook_2021
Lake,2021,R-NVAB,4208269301,4208220725,15.9701,12.0596,6.592,3.9105,databook_2021
Lee,2021,R-NVAB,12023373917,12023352650,15.2041,10.0499,5.891,5.1542,databook_2021
Leon,2021,R-NVAB,2271681847,2269466532,17.891,14.5948,5.876,3.2962,databook_2021
Levy,2021,R-Final,457566220,457566220,16.9559,14.875,5.875,2.0809,databook_2021
Liberty,2021,R-Final,27545088,27545088,15.6601,15.1221,5.768,0.538,databook_2021
Madison,2021,R-Final,70913165,70913165,17.293,16.2015,5.84,1.0915,databook_2021
Manatee,2021,R-NVAB,5712561043,5711940199,15.7442,13.7512,6.876,1.993,databook_2021
Marion,2021,R-NVAB,4181431671,4179602689,15.4691,9.823,5.403,5.6461,databook_2021
Martin,2021,R-NVAB,4242565097,4242545061,17.5932,13.7674,6.323,3.8258,databook_2021
Monroe,2021,R-NVAB,3059703899,3056670736,8.816,6.3637,3.284,2.4523,databook_2021
Nassau,2021,R-NVAB,1805986507,1805986507,16.6801,13.4547,5.88,3.2254,databook_2021
Okaloosa,2021,R-NVAB,2725092224,2725092224,12.8949,9.8032,5.943,3.0917,databook_2021
Okeechobee,2021,R-NVAB,374518938,374284398,15.3496,14.143,5.843,1.2066,databook_2021
Orange,2021,R-NVAB,17771453814,17748886205,16.6738,11.1717,6.737,5.5021,databook_2021
Osceola,2021,R-NVAB,3712868485,3711448072,15.2327,13.0596,5.897,2.1731,databook_2021
Palm Beach,2021,R-NVAB,38914610368,38873123829,18.7191,13.3285,6.875,5.3906,databook_2021
Pasco,2021,R-NVAB,7008017569,7008017569,16.1543,13.6711,5.81,2.4832,databook_2021
Pinellas,2021,R-NVAB,24484418361,24484491262,19.3862,12.7008,6.325,6.6854,databook_2021
Polk,2021,R-NVAB,7304909041,7302358162,16.1873,12.728,5.829,3.4593,databook_2021
Putnam,2021,R-NVAB,652609092,652543412,17.3064,15.0899,5.78,2.2165,databook_2021
Saint Johns,2021,R-NVAB,5534135747,5533065047,13.7203,11.577,5.812,2.1433,databook_2021
Saint Lucie,2021,R-NVAB,5697741304,5686586161,22.8542,17.963,6.853,4.8912,databook_2021
Santa Rosa,2021,R-NVAB,2255100509,2255100509,12.8061,12.0287,5.904,0.7774,databook_2021
Sarasota,2021,R-NVAB,9361830321,9359656727,13.4781,11.5,6.709,1.9781,databook_2021
Seminole,2021,R-NVAB,7136261728,7125475933,15.1809,10.919,5.825,4.2619,databook_2021
Sumter,2021,R-NVAB,2101048524,2099935404,12.2845,11.296,5.146,0.9885,databook_2021
Suwannee,2021,R-Final,128892925,128892925,16.4894,15.3435,5.982,1.1459,databook_2021
Taylor,2021,R-Final,130439152,130439152,15.8268,13.6841,6.08,2.1427,databook_2021
Union,2021,R-Final,5503410,5503410,17.2326,16.8145,5.953,0.4181,databook_2021
Volusia,2021,R-NVAB,10021137933,10017562620,19.2141,12.3515,5.802,6.8626,databook_2021
Wakulla,2021,R-Final,337462674,337462674,14.2187,14.1014,5.872,0.1173,databook_2021
Walton,2021,R-Final,1377108207,1377108207,9.7576,8.4497,4.784,1.3079,databook_2021
Washington,2021,R-Final,94686174,94686174,15.351,14.1254,5.596,1.2256,databook_2021
Alachua,2022,R-NVAB,3547712823,3542117352,20.7765,15.7819,6.498,4.9946,databook_2022
Baker,2022,R-Final,472696842,472696842,14.9565,13.7451,5.479,1.2114,databook_2022
Bay,2022,R-NVAB,1550229281,1548929161,11.8808,9.9663,5.504,1.9145,databook_2022
Bradford,2022,R-Final,191316545,191316545,16.8316,15.524,5.524,1.3076,databook_2022
Brevard,2022,R-NVAB,22667812740,22667575190,14.5923,9.61,5.495,4.9823,databook_2022
Broward,2022,R-NVAB,66151090480,66107477220,19.7256,12.5194,6.138299999999999,7.2062,databook_2022
Calhoun,2022,R-Final,72781847,72781847,15.7433,15.5111,5.585,0.2322,databook_2022
Charlotte,2022,R-NVAB,7315482010,7312365039,16.2885,12.9621,6.554,3.3264,databook_2022
Citrus,2022,R-NVAB,4039416763,4038780139,15.1214,13.8475,5.523,1.2739,databook_2022
Clay,2022,R-NVAB,4866427316,4869420311,15.471,12.1769,6.419,3.2941,databook_2022
Collier,2022,R-NVAB,31736898889,31736536140,10.5791,8.4954,4.459,2.0837,databook_2022
Columbia,2022,R-NVAB,652943414,652430576,15.0041,13.6989,5.547,1.3052,databook_2022
Miami-Dade,2022,R-NVAB,86094538592,85851129741,18.6253,12.4566,6.589,6.1687,databook_2022
DeSoto,2022,R-NVAB,609662310,609167399,16.6847,13.5938,5.463,3.0909,databook_2022
Dixie,2022,R-Final,116915797,116915797,19.7969,15.6208,5.484,4.1761,databook_2022
Duval,2022,R-NVAB,20089477523,20066296472,17.0679,5.7174,5.488,11.3505,databook_2022
Escambia,2022,R-NVAB,5647418568,5646394791,14.1623,12.3531,5.274,1.8092,databook_2022
Flagler,2022,R-NVAB,4565877013,4562702281,17.7911,14.1216,5.546,3.6695,databook_2022
Franklin,2022,R-Final,258013629,258013629,11.3423,10.0038,4.507,1.3385,databook_2022
Gadsden,2022,R-Final,334701497,334701497,16.359,14.5371,5.511,1.8219,databook_2022
Gilchrist,2022,R-Final,213478116,213478116,15.9496,15.5608,5.493,0.3888,databook_2022
Glades,2022,R-Final,140011039,140011039,18.3705,14.7001,5.506,3.6704,databook_2022
Gulf,2022,R-Final,402356472,402356472,13.8546,12.4091,5.883,1.4455,databook_2022
Hamilton,2022,R-Final,115701199,115701199,16.7459,15.9978,5.661,0.7481,databook_2022
Hardee,2022,R-NVAB,252393837,252406103,15.3091,14.538,5.512,0.7711,databook_2022
Hendry,2022,R-NVAB,619227685,619418077,17.7003,16.4031,5.413,1.2972,databook_2022
Hernando,2022,R-NVAB,6305898657,6299449683,15.962,14.6615,6.525,1.3005,databook_2022
Highlands,2022,R-NVAB,1753968894,1753380003,15.046,13.651,5.551,1.395,databook_2022
Hillsborough,2022,R-NVAB,44034548647,44009052552,18.2044,12.0472,5.487,6.1572,databook_2022
Holmes,2022,R-Final,26264967,26264967,15.0721,15.0007,5.483,0.0714,databook_2022
Indian River,2022,R-NVAB,7003331076,6997529022,14.0775,9.5325,5.985,4.545,databook_2022
Jackson,2022,R-Final,263733228,263733228,13.1692,12.378,4.9069,0.7912,databook_2022
Jefferson,2022,R-NVAB,162162617,162162617,14.5291,13.379,5.429,1.1501,databook_2022
Lafayette,2022,R-Final,52340753,52340753,16.3515,15.7668,5.43,0.5847,databook_2022
Lake,2022,R-NVAB,8086862508,8084271255,15.972,11.6845,6.248,4.2875,databook_2022
Lee,2022,R-NVAB,29246870068,29246890068,14.4523,9.6113,5.557,4.841,databook_2022
Leon,2022,R-NVAB,3523408344,3521570193,17.4732,14.1835,5.468,3.2897,databook_2022
Levy,2022,R-Final,819077626,819077626,16.5509,14.475,5.475,2.0759,databook_2022
Liberty,2022,R-Final,22650717,22650717,15.2034,14.6688,5.318,0.5346,databook_2022
Madison,2022,R-NVAB,202112903,201934595,16.6074,15.5908,5.454,1.0166,databook_2022
Manatee,2022,R-NVAB,14526367735,14516824869,15.1747,13.2197,6.522,1.955,databook_2022
Marion,2022,R-NVAB,8269242436,8264191776,21.4094,15.8,11.51,5.6094,databook_2022
Martin,2022,R-NVAB,8578268346,8583869099,16.9348,13.1678,5.988,3.767,databook_2022
Monroe,2022,R-NVAB,5921739710,5915443148,8.3019,5.9403,2.962,2.3616,databook_2022
Nassau,2022,R-NVAB,3032713441,3032713441,16.005,12.8365,5.503,3.1685,databook_2022
Okaloosa,2022,R-NVAB,5353327150,5353336650,12.5079,9.4359,5.579,3.072,databook_2022
Okeechobee,2022,R-NVAB,599736979,599543490,14.8531,13.771,5.471,1.0821,databook_2022
Orange,2022,R-NVAB,27742061344,27689903617,16.1846,10.8967,6.462,5.2879,databook_2022
Osceola,2022,R-NVAB,6706043614,6702535088,15.0746,12.6786,5.516,2.396,databook_2022
Palm Beach,2022,R-NVAB,76690889315,76631115978,18.1309,12.8019,6.519,5.329,databook_2022
Pasco,2022,R-NVAB,13284191924,13284191924,16.1144,13.6303,5.516,2.4841,databook_2022
Pinellas,2022,R-NVAB,39104839644,39104887155,18.4945,11.8796,5.963,6.6149,databook_2022
Polk,2022,R-NVAB,13641236326,13639295887,15.657,12.211,5.519,3.446,databook_2022
Putnam,2022,R-NVAB,1218399846,1218055296,16.9446,14.7729,5.463,2.1717,databook_2022
Saint Johns,2022,R-NVAB,13612578167,13609571357,13.3486,11.2265,5.483,2.1221,databook_2022
Saint Lucie,2022,R-NVAB,10794906519,10780444190,22.0009,17.257,6.479,4.7439,databook_2022
Santa Rosa,2022,R-NVAB,4062616682,4062646661,12.4798,11.6814,5.56,0.7984,databook_2022
Sarasota,2022,R-NVAB,24180941680,24158971316,12.9711,11.0257,6.272,1.9454,databook_2022
Seminole,2022,R-NVAB,11886743522,11871130463,14.8441,10.5325,5.46,4.3116,databook_2022
Sumter,2022,R-NVAB,4988767526,4986893001,11.2177,10.174,4.584,1.0437,databook_2022
Suwannee,2022,R-NVAB,223179146,223179146,16.1105,14.9228,5.586,1.1877,databook_2022
Taylor,2022,R-Final,242454453,242454453,15.405,13.2644,5.685,2.1406,databook_2022
Union,2022,R-Final,42253517,42253517,16.8358,16.3988,5.562,0.437,databook_2022
Volusia,2022,R-NVAB,16647888451,16641620099,17.9893,11.4248,5.482,6.5645,databook_2022
Wakulla,2022,R-Final,399586971,399586971,13.8926,13.7771,5.551,0.1155,databook_2022
Walton,2022,R-NVAB,3445151216,3448193343,9.3517,8.0474,4.385,1.3043,databook_2022
Washington,2022,R-Final,204388649,204388649,14.9464,13.7541,5.228,1.1923,databook_2022
Alachua,2023,R-NVAB,4348272813,4342177910,21.0544,15.5685,6.432,5.4859,databook_2023
Baker,2023,R-Final,533245063,533245063,14.8021,13.6328,5.421,1.1693,databook_2023
Bay,2023,R-NVAB,2511828476,2511098993,12.8562,10.9426,5.483,1.9136,databook_2023
Bradford,2023,R-Final,327653706,327653706,16.7643,15.434,5.434,1.3303,databook_2023
Brevard,2023,R-NVAB,25812854870,25812547190,13.9771,9.1942,5.383,4.7829,databook_2023
Broward,2023,R-NVAB,91054322690,91054322690,20.0526,12.9935,6.615600000000001,7.0591,databook_2023
Calhoun,2023,R-Final,65071270,65071270,15.4053,15.2004,5.277,0.2049,databook_2023
Charlotte,2023,R-NVAB,9890252220,9893839105,16.1645,12.8811,6.473,3.2834,databook_2023
Citrus,2023,R-NVAB,5318079125,5316820825,15.6656,14.3963,5.444,1.2693,databook_2023
Clay,2023,R-NVAB,6518167006,6514658489,15.4428,12.1304,6.404,3.3124,databook_2023
Collier,2023,R-NVAB,44030120542,44030438564,9.9575,7.9394,4.292,2.0181,databook_2023
Columbia,2023,R-NVAB,936217634,935950094,16.1467,13.5914,5.465,2.5553,databook_2023
Miami-Dade,2023,R-NVAB,118647689139,118287118807,18.6421,12.4674,6.699,6.1747,databook_2023
DeSoto,2023,R-NVAB,602939404,602561098,16.5391,13.4421,5.333,3.097,databook_2023
Dixie,2023,R-Final,148788443,148788443,19.8051,15.5923,5.481,4.2128,databook_2023
Duval,2023,R-NVAB,24576037179,24576037179,17.9818,6.6391,6.431,11.3427,databook_2023
Escambia,2023,R-NVAB,7105868313,7083204395,14.0105,12.2204,5.144,1.7901,databook_2023
Flagler,2023,R-NVAB,4767946539,4765962559,17.4453,13.9454,5.403,3.4999,databook_2023
Franklin,2023,R-Final,398505337,398505337,11.1051,9.7461,4.252,1.359,databook_2023
Gadsden,2023,R-Final,435859803,435859803,16.2788,14.4864,5.463,1.7924,databook_2023
Gilchrist,2023,R-Final,297234169,297234169,15.6571,15.2073,5.465,0.4498,databook_2023
Glades,2023,R-Final,180873729,180954205,18.3366,14.5741,5.38,3.7625,databook_2023
Gulf,2023,R-Final,521426035,521426035,13.3351,11.9504,5.727,1.3847,databook_2023
Hamilton,2023,R-Final,140735308,140735308,16.6821,15.9113,5.6,0.7708,databook_2023
Hardee,2023,R-Final,336788847,336788847,15.1381,14.4083,5.404,0.7298,databook_2023
Hendry,2023,R-NVAB,817483638,816902030,17.5183,16.1741,5.254,1.3442,databook_2023
Hernando,2023,R-NVAB,7275518640,7269663581,15.4556,14.1633,6.34,1.2923,databook_2023
Highlands,2023,R-NVAB,2352059507,2349374731,14.7384,13.287,5.437,1.4514,databook_2023
Hillsborough,2023,R-NVAB,45311403658,45300745454,18.0842,11.9315,5.4,6.1527,databook_2023
Holmes,2023,R-Final,31048976,31048976,15.432,14.733,5.218,0.699,databook_2023
Indian River,2023,R-NVAB,10698566522,10689818257,14.0076,9.4585,5.911,4.5491,databook_2023
Jackson,2023,R-Final,470249884,470249884,13.9409,13.1404,5.172,0.8005,databook_2023
Jefferson,2023,R-NVAB,258246893,258246893,14.2904,13.329,5.379,0.9614,databook_2023
Lafayette,2023,R-Final,84137739,84137739,16.2133,15.6273,5.316,0.586,databook_2023
Lake,2023,R-NVAB,10666907455,10664792432,15.7082,11.6282,6.206,4.08,databook_2023
Lee,2023,R-NVAB,36332157099,36332157099,14.3008,9.4835,5.43,4.8173,databook_2023
Leon,2023,R-NVAB,4394587537,4393312595,17.9299,14.1495,5.464,3.7804,databook_2023
Levy,2023,R-Final,1111072096,1111072096,16.4887,14.443,5.443,2.0457,databook_2023
Liberty,2023,R-Final,23259660,23259660,15.1961,14.6281,5.28,0.568,databook_2023
Madison,2023,R-NVAB,311136831,311040522,16.1676,15.2453,5.434,0.9223,databook_2023
Manatee,2023,R-NVAB,20201875720,20184650705,15.0337,13.097,6.421,1.9367,databook_2023
Marion,2023,R-NVAB,10816154413,10809243827,16.3003,10.729,6.439,5.5713,databook_2023
Martin,2023,R-NVAB,12343994955,12337269008,16.9635,13.1654,5.943,3.7981,databook_2023
Monroe,2023,R-NVAB,8730966279,8722634235,8.3505,6.0495,2.896,2.301,databook_2023
Nassau,2023,R-NVAB,4467462071,4466572909,16.7668,13.7521,6.46,3.0147,databook_2023
Okaloosa,2023,R-NVAB,6181505395,6181024173,12.4099,9.3312,5.477,3.0787,databook_2023
Okeechobee,2023,R-NVAB,853401997,852662222,14.7243,13.689,5.389,1.0353,databook_2023
Orange,2023,R-NVAB,39289967972,39223411240,17.0734,10.8557,6.421,6.2177,databook_2023
Osceola,2023,R-NVAB,9555655357,9552738011,15.0434,12.6666,5.504,2.3768,databook_2023
Palm Beach,2023,R-NVAB,111477206740,111403442489,17.673,12.4016,6.457,5.2714,databook_2023
Pasco,2023,R-NVAB,19149202522,19149082672,17.2908,14.495,6.449,2.7958,databook_2023
Pinellas,2023,R-NVAB,50803993845,50804351153,18.381,11.7994,5.938,6.5816,databook_2023
Polk,2023,R-NVAB,16861540903,16860171739,15.5591,12.0932,5.408,3.4659,databook_2023
Putnam,2023,R-NVAB,1667999337,1668200457,17.2395,15.0741,6.23,2.1654,databook_2023
Saint Johns,2023,R-NVAB,16841720658,16842853956,13.2344,11.1322,5.41,2.1022,databook_2023
Saint Lucie,2023,R-NVAB,14229582050,14198012654,21.8449,17.1515,6.412,4.6934,databook_2023
Santa Rosa,2023,R-NVAB,4438305783,4438305783,12.6216,11.5647,5.446,1.0569,databook_2023
Sarasota,2023,R-NVAB,27784735869,27757527697,12.8033,10.9038,6.18,1.8995,databook_2023
Seminole,2023,R-NVAB,15366616751,15352029566,14.7605,10.4324,5.378,4.3281,databook_2023
Sumter,2023,R-NVAB,5696408766,5693482351,11.2816,10.177,4.987,1.1046,databook_2023
Suwannee,2023,R-Final,501416259,501416259,16.0824,14.7913,5.48,1.2911,databook_2023
Taylor,2023,R-Final,355880602,355880602,15.34,13.2609,5.707,2.0791,databook_2023
Union,2023,R-Final,35119116,35119116,16.727,16.2303,5.419,0.4967,databook_2023
Volusia,2023,R-NVAB,20937776274,20930651170,17.7766,11.2879,5.409,6.4887,databook_2023
Wakulla,2023,R-Final,490075444,490075444,13.4542,13.3424,5.419,0.1118,databook_2023
Walton,2023,R-NVAB,4247209130,4245205744,9.1993,7.8764,4.253,1.3229,databook_2023
Washington,2023,R-Final,271865983,271865983,14.8142,13.6504,5.127,1.1638,databook_2023
Alachua,2024,R-NVAB,5301528966,5293760888,20.8095,15.329,6.261,5.4805,databook_2024
Baker,2024,R-Final,565817062,565817062,14.6367,13.4872,5.32,1.1495,databook_2024
Bay,2024,R-NVAB,2754808801,2754021597,12.6726,10.769,5.311,1.9036,databook_2024
Bradford,2024,R-NVAB,400955502,400944502,16.5906,15.378,5.378,1.2126,databook_2024
Brevard,2024,R-NVAB,25438832630,25437972330,14.703,9.9616,6.311,4.7414,databook_2024
Broward,2024,R-NVAB,100318292250,100255021240,19.8302,12.8434,6.4655,6.9868,databook_2024
Calhoun,2024,R-Final,117628561,117628561,15.321,15.1288,5.207,0.1922,databook_2024
Charlotte,2024,R-NVAB,9369180643,9365117332,15.7775,12.7873,6.496,2.9902,databook_2024
Citrus,2024,R-NVAB,5366922218,5365809290,15.5066,14.2526,5.344,1.254,databook_2024
Clay,2024,R-NVAB,6555641821,6554617391,15.2732,11.9604,6.234,3.3128,databook_2024
Collier,2024,R-NVAB,37711735865,37711665421,9.7402,7.7507,4.3132,1.9895,databook_2024
Columbia,2024,R-NVAB,1084822082,1084759141,14.7596,13.4997,5.391,1.2599,databook_2024
Miami-Dade,2024,R-NVAB,139323199761,138904346178,18.4427,12.362,6.602,6.0807,databook_2024
DeSoto,2024,R-NVAB,647366686,646333278,16.2845,13.1502,5.344,3.1343,databook_2024
Dixie,2024,R-Final,183871405,183871405,19.6363,15.4566,5.363,4.1797,databook_2024
Duval,2024,R-NVAB,24442197252,24423643998,17.8913,6.5481,6.34,11.3432,databook_2024
Escambia,2024,R-NVAB,7326512973,7323867659,13.6696,11.8896,4.847,1.78,databook_2024
Flagler,2024,R-NVAB,4903800711,4901576731,17.2605,13.8074,5.365,3.4531,databook_2024
Franklin,2024,R-Final,520889885,520889885,10.6975,9.368,4.124,1.3295,databook_2024
Gadsden,2024,R-Final,518171586,518171586,16.2562,14.4088,5.387,1.8474,databook_2024
Gilchrist,2024,R-Final,351791053,351791053,15.8371,15.3876,5.394,0.4495,databook_2024
Glades,2024,R-Final,180278775,180278775,18.2563,14.4448,5.218,3.8115,databook_2024
Gulf,2024,R-Final,539175665,539175665,12.6986,11.3098,5.388,1.3888,databook_2024
Hamilton,2024,R-NVAB,150655956,150655956,16.6089,15.8176,5.524,0.7913,databook_2024
Hardee,2024,R-NVAB,412431684,412377277,14.6002,13.8699,5.284,0.7303,databook_2024
Hendry,2024,R-NVAB,800009494,799918434,17.1788,15.8193,5.247,1.3595,databook_2024
Hernando,2024,R-NVAB,7327072272,7322670290,15.1245,13.8309,6.271,1.2936,databook_2024
Highlands,2024,R-NVAB,2449315660,2447134018,14.4,12.944,5.344,1.456,databook_2024
Hillsborough,2024,R-NVAB,48814889116,48805627203,17.986,11.7778,5.388,6.2082,databook_2024
Holmes,2024,R-Final,49067464,49067464,15.2,14.5074,4.994,0.6926,databook_2024
Indian River,2024,R-NVAB,11107427633,11103210521,14.1617,9.3644,5.753,4.7973,databook_2024
Jackson,2024,R-Final,549234288,549234288,14.2248,13.3668,5.4,0.858,databook_2024
Jefferson,2024,R-NVAB,258959377,258959377,14.2038,13.1586,5.332,1.0452,databook_2024
Lafayette,2024,R-Final,83853913,83853913,16.255,15.6856,5.392,0.5694,databook_2024
Lake,2024,R-NVAB,11617260742,11614297335,15.8028,11.5442,6.122,4.2586,databook_2024
Lee,2024,R-NVAB,36058762947,36058916889,14.0306,9.3378,5.286,4.6928,databook_2024
Leon,2024,R-NVAB,4638557695,4637655060,17.7998,14.0679,5.384,3.7319,databook_2024
Levy,2024,R-Final,1168604350,1168604350,15.5956,13.606,5.356,1.9896,databook_2024
Liberty,2024,R-Final,32481744,32481744,15.3141,14.7525,5.406,0.5616,databook_2024
Madison,2024,R-NVAB,300144737,300139588,15.4189,14.5092,5.338,0.9097,databook_2024
Manatee,2024,R-NVAB,19420001795,19409260540,14.6499,12.7601,6.299,1.8898,databook_2024
Marion,2024,R-NVAB,10980140006,10969412757,16.1672,10.613,6.323,5.5542,databook_2024
Martin,2024,R-NVAB,12618923557,12623534348,16.7269,12.9483,5.75,3.7786,databook_2024
Monroe,2024,R-NVAB,9061060615,9044848835,8.2286,5.9913,2.864,2.2373,databook_2024
Nassau,2024,R-NVAB,4939661483,4948341291,16.3817,13.4193,6.329,2.9624,databook_2024
Okaloosa,2024,R-NVAB,5711230976,5709057220,12.267,9.2316,5.379,3.0354,databook_2024
Okeechobee,2024,R-NVAB,843491682,842825882,14.5023,13.544,5.344,0.9583,databook_2024
Orange,2024,R-NVAB,42830471644,42777249342,18.099400000000003,10.898700000000002,6.464,7.2007,databook_2024
Osceola,2024,R-NVAB,9614475998,9611735074,14.8758,12.5056,5.343,2.3702,databook_2024
Palm Beach,2024,R-NVAB,112773714016,112684859614,17.4429,12.2198,6.314,5.2231,databook_2024
Pasco,2024,R-NVAB,19571739145,19571576429,17.3368,14.1912,6.331,3.1456,databook_2024
Pinellas,2024,R-NVAB,54055252049,54056452269,18.0621,11.5239,5.822,6.5382,databook_2024
Polk,2024,R-NVAB,16204642059,16195498011,15.3806,11.9308,5.296,3.4498,databook_2024
Putnam,2024,R-NVAB,1797602529,1796599360,17.0695,14.9741,6.13,2.0954,databook_2024
Saint Johns,2024,R-NVAB,16842031072,16836944414,13.0651,11.0002,5.278,2.0649,databook_2024
Saint Lucie,2024,R-NVAB,14086459209,14078903187,21.5612,16.9235,6.248,4.6377,databook_2024
Santa Rosa,2024,R-NVAB,4403891916,4403818519,12.1384,11.3748,5.398,0.7636,databook_2024
Sarasota,2024,R-NVAB,24543419508,24527212506,12.7168,10.7889,6.131,1.9279,databook_2024
Seminole,2024,R-NVAB,16491165372,16476495741,14.8177,10.3334,5.279,4.4843,databook_2024
Sumter,2024,R-NVAB,5217551536,5216226546,11.1557,9.945,5.055,1.2107,databook_2024
Suwannee,2024,R-Final,620873846,620873846,15.9178,14.6866,5.393,1.2312,databook_2024
Taylor,2024,R-NVAB,370678688,369940048,15.2264,13.1282,5.592,2.0982,databook_2024
Union,2024,R-Final,35194010,35194010,16.6983,16.2146,5.421,0.4837,databook_2024
Volusia,2024,R-NVAB,21254589858,21250682455,17.6266,11.0823,5.285,6.5443,databook_2024
Wakulla,2024,R-Final,599303320,599303320,13.3851,13.2838,5.362,0.1013,databook_2024
Walton,2024,R-NVAB,4120632446,4120802989,9.2545,7.9098,4.288,1.3447,databook_2024
Washington,2024,R-Final,348849387,348849387,14.5767,13.4678,4.946,1.1089,databook_2024
Alachua,2025,R-NVAB,5975742685,5969960429,20.8894,15.2384,6.251,5.651,databook_2025
Baker,2025,R-NVAB,611281134,611281134,14.6131,13.4723,5.325,1.1408,databook_2025
Bay,2025,R-NVAB,2936369044,2933915260,12.6966,10.7939,5.337,1.9027,databook_2025
Bradford,2025,R-Final,456119136,456119136,16.5732,15.366,5.366,1.2072,databook_2025
Brevard,2025,R-NVAB,22925060980,22925156680,13.7669,8.9121,5.31,4.8548,databook_2025
Broward,2025,R-NVAB,103740324710,103740324710,19.8638,12.8574,6.484500000000001,7.0064,databook_2025
Calhoun,2025,R-Final,129229080,129229080,15.334,15.1437,5.223,0.1903,databook_2025
Charlotte,2025,R-NVAB,7029413331,7026320535,15.6763,12.7748,6.496,2.9015,databook_2025
Citrus,2025,R-NVAB,4881762196,4879168567,15.4758,14.2518,5.351,1.224,databook_2025
Clay,2025,R-NVAB,6510585131,6507659968,15.3466,11.9984,6.272,3.3482,databook_2025
Collier,2025,R-NVAB,35361076354,35361076354,9.8185,7.6865,4.249,2.132,databook_2025
Columbia,2025,R-NVAB,1202190929,1201790849,14.6841,13.4453,5.349,1.2388,databook_2025
Miami-Dade,2025,R-NVAB,139762710490,139334296798,18.4893,12.345,6.633,6.1443,databook_2025
DeSoto,2025,R-NVAB,653943531,653943531,15.9319,12.3316,5.281,3.6003,databook_2025
Dixie,2025,R-Final,186013814,186013814,19.8732,15.6912,5.41,4.182,databook_2025
Duval,2025,R-NVAB,25071786893,25055163623,17.891,6.5481,6.34,11.3429,databook_2025
Escambia,2025,R-NVAB,6979512313,6977085119,14.1316,12.3595,5.359,1.7721,databook_2025
Flagler,2025,R-NVAB,4599038439,4599038439,17.1551,13.7353,5.349,3.4198,databook_2025
Franklin,2025,R-Final,468600977,468600977,10.6003,9.2586,4.192,1.3417,databook_2025
Gadsden,2025,R-Final,477301681,477301681,16.1423,14.2687,5.248,1.8736,databook_2025
Gilchrist,2025,R-Final,395266683,395266683,15.5297,15.0818,5.398,0.4479,databook_2025
Glades,2025,R-Final,165108088,165108088,18.3732,14.5558,5.329,3.8174,databook_2025
Gulf,2025,R-Final,569381601,569381601,12.2198,10.9427,5.322,1.2771,databook_2025
Hamilton,2025,R-NVAB,203118444,203118444,15.2115,14.4118,5.533,0.7997,databook_2025
Hardee,2025,R-NVAB,448177967,448177967,14.1244,13.3551,5.252,0.7693,databook_2025
Hendry,2025,R-NVAB,785875129,785670947,17.1732,15.8461,5.346,1.3271,databook_2025
Hernando,2025,R-NVAB,6881672029,6877964053,14.5695,13.2517,6.265,1.3178,databook_2025
Highlands,2025,R-NVAB,2285616565,2281543555,14.5216,12.952,5.352,1.5696,databook_2025
Hillsborough,2025,R-NVAB,45058177583,45060903549,18.8553,12.5769,6.34,6.2784,databook_2025
Holmes,2025,R-Final,137302339,137302339,15.4115,14.6463,5.134,0.7652,databook_2025
Indian River,2025,R-NVAB,10891352276,10884855348,14.1659,9.3615,5.753,4.8044,databook_2025
Jackson,2025,R-Final,498384018,498384018,14.2637,13.3337,5.368,0.93,databook_2025
Jefferson,2025,R-Final,264982490,264982490,13.8674,12.8221,5.296,1.0453,databook_2025
Lafayette,2025,R-Final,91430185,91430185,16.2231,15.6672,5.386,0.5559,databook_2025
Lake,2025,R-NVAB,11570924570,11566111576,15.6324,11.4444,6.085,4.188,databook_2025
Lee,2025,R-NVAB,29296685229,29299303316,13.9967,9.37,5.319,4.6267,databook_2025
Leon,2025,R-NVAB,4842335507,4840392845,17.8003,14.0488,5.366,3.7515,databook_2025
Levy,2025,R-Final,1145948276,1145948276,16.0399,14.082,5.332,1.9579,databook_2025
Liberty,2025,R-Final,40395372,40395372,15.1744,14.6247,5.38,0.5497,databook_2025
Madison,2025,R-Final,284693388,284693388,15.1668,14.2928,5.334,0.874,databook_2025
Manatee,2025,R-NVAB,15393485242,15384813442,14.5524,12.6991,6.304,1.8533,databook_2025
Marion,2025,R-NVAB,10478596543,10490774227,15.8838,10.34,6.32,5.5438,databook_2025
Martin,2025,R-NVAB,12652904163,12657434826,16.0598,12.3573,5.177,3.7025,databook_2025
Monroe,2025,R-NVAB,8407747167,8393648457,8.2361,6.0398,2.947,2.1963,databook_2025
Nassau,2025,R-NVAB,5537911450,5539541814,16.0559,13.143,6.191,2.9129,databook_2025
Okaloosa,2025,R-NVAB,5534192013,5532613167,12.2773,9.2285,5.377,3.0488,databook_2025
Okeechobee,2025,R-NVAB,865498942,864631425,14.4357,13.484,5.384,0.9517,databook_2025
Orange,2025,R-NVAB,43898321774,43752092713,17.41,10.8837,6.449,6.5263,databook_2025
Osceola,2025,R-NVAB,9097563384,9091328694,14.9738,12.556,5.306,2.4178,databook_2025
Palm Beach,2025,R-NVAB,107523513032,107475114811,17.4918,12.258,6.321,5.2338,databook_2025
Pasco,2025,R-NVAB,17949785827,17949551488,17.2168,14.0801,6.274,3.1367,databook_2025
Pinellas,2025,R-NVAB,49480276570,49478726306,18.4941,11.9322,6.293,6.5619,databook_2025
Polk,2025,R-NVAB,14486379025,14477471684,15.4378,11.9248,5.29,3.513,databook_2025
Putnam,2025,R-NVAB,1478440776,1478545176,17.7142,15.6068,6.865,2.1074,databook_2025
Saint Johns,2025,R-NVAB,16821748529,16821748529,13.9738,11.8386,6.272,2.1352,databook_2025
Saint Lucie,2025,R-NVAB,13210545459,13198581932,21.557,16.9495,6.296,4.6075,databook_2025
Santa Rosa,2025,R-NVAB,4570575418,4570575418,11.7171,11.39,5.414,0.3271,databook_2025
Sarasota,2025,R-NVAB,19926441499,19912138949,12.7527,10.7437,6.095,2.009,databook_2025
Seminole,2025,R-NVAB,16226183600,16209733656,15.348,10.8034,5.249,4.5446,databook_2025
Sumter,2025,R-NVAB,5014643595,5013617790,11.2052,9.802,4.912,1.4032,databook_2025
Suwannee,2025,R-Final,713130786,713130786,15.6611,14.4962,5.415,1.1649,databook_2025
Taylor,2025,R-NVAB,331481071,331745493,15.4326,13.1608,5.637,2.2718,databook_2025
Union,2025,R-NVAB,35274645,35274645,16.7165,16.2352,5.454,0.4813,databook_2025
Volusia,2025,R-NVAB,20330062441,20325637763,17.4169,11.0551,5.279,6.3618,databook_2025
Wakulla,2025,R-Final,681412149,681412149,13.4421,13.3477,5.427,0.0944,databook_2025
Walton,2025,R-NVAB,4009219106,4010330744,9.1512,7.8007,4.261,1.3505,databook_2025
Washington,2025,R-Final,383701109,383701109,14.964,13.8507,5.33,1.1133,databook_2025
Alachua,2026,R-Prelim,4903509691,4903509691,,,,,
Baker,2026,R-Prelim,567035468,567035468,,,,,
Bay,2026,R-Prelim,2838229668,2838229668,,,,,
Bradford,2026,R-Prelim,452214971,452214971,,,,,
Brevard,2026,R-Prelim,21053339130,21053339130,,,,,
Broward,2026,R-Prelim,97803396020,97803396020,,,,,
Calhoun,2026,R-Prelim,126704990,126704990,,,,,
Charlotte,2026,R-Prelim,4754127923,4754127923,,,,,
Citrus,2026,R-Prelim,4494783502,4494783502,,,,,
Clay,2026,R-Prelim,6039570216,6039570216,,,,,
Collier,2026,R-Prelim,28288327214,28288327214,,,,,
Columbia,2026,R-Prelim,1147927743,1147927743,,,,,
Miami-Dade,2026,R-Prelim,134298708315,134298708315,,,,,
DeSoto,2026,R-Prelim,616648911,616648911,,,,,
Dixie,2026,R-Prelim,175729273,175729273,,,,,
Duval,2026,R-Prelim,23931843746,23931843746,,,,,
Escambia,2026,R-Prelim,6699156679,6699156679,,,,,
Flagler,2026,R-Prelim,3636221310,3636221310,,,,,
Franklin,2026,R-Prelim,450035512,450035512,,,,,
Gadsden,2026,R-Prelim,452424605,452424605,,,,,
Gilchrist,2026,R-Prelim,378584102,378584102,,,,,
Glades,2026,R-Prelim,152629075,152629075,,,,,
Gulf,2026,R-Prelim,538312453,538312453,,,,,
Hamilton,2026,R-Prelim,186109187,186109187,,,,,
Hardee,2026,R-Prelim,427987651,427987651,,,,,
Hendry,2026,R-Prelim,743300670,743300670,,,,,
Hernando,2026,R-Prelim,5931879187,5931879187,,,,,
Highlands,2026,R-Prelim,2026702832,2026702832,,,,,
Hillsborough,2026,R-Prelim,40355680785,40355680785,,,,,
Holmes,2026,R-Prelim,123217691,123217691,,,,,
Indian River,2026,R-Prelim,10384912325,10384912325,,,,,
Jackson,2026,R-Prelim,491064632,491064632,,,,,
Jefferson,2026,R-Prelim,252387970,252387970,,,,,
Lafayette,2026,R-Prelim,93955946,93955946,,,,,
Lake,2026,R-Prelim,11152080457,11152080457,,,,,
Lee,2026,R-Prelim,23054261774,23054261774,,,,,
Leon,2026,R-Prelim,4721890681,4721890681,,,,,
Levy,2026,R-Prelim,1103346608,1103346608,,,,,
Liberty,2026,R-Prelim,53807346,53807346,,,,,
Madison,2026,R-Prelim,280716391,280716391,,,,,
Manatee,2026,R-Prelim,13709557118,13709557118,,,,,
Marion,2026,R-Prelim,9986075330,9986075330,,,,,
Martin,2026,R-Prelim,11615377427,11615377427,,,,,
Monroe,2026,R-Prelim,7553424236,7553424236,,,,,
Nassau,2026,R-Prelim,5481013365,5481013365,,,,,
Okaloosa,2026,R-Prelim,4644796150,4644796150,,,,,
Okeechobee,2026,R-Prelim,814108302,814108302,,,,,
Orange,2026,R-Prelim,39771268095,39771268095,,,,,
Osceola,2026,R-Prelim,8012269512,8012269512,,,,,
Palm Beach,2026,R-Prelim,106259673147,106259673147,,,,,
Pasco,2026,R-Prelim,15941695628,15941695628,,,,,
Pinellas,2026,R-Prelim,41348214354,41348214354,,,,,
Polk,2026,R-Prelim,13209922334,13209922334,,,,,
Putnam,2026,R-Prelim,1346230862,1346230862,,,,,
Saint Johns,2026,R-Prelim,15608639942,15608639942,,,,,
Saint Lucie,2026,R-Prelim,11945505200,11945505200,,,,,
Santa Rosa,2026,R-Prelim,4221246642,4221246642,,,,,
Sarasota,2026,R-Prelim,15284260634,15284260634,,,,,
Seminole,2026,R-Prelim,15203762517,15203762517,,,,,
Sumter,2026,R-Prelim,4303906378,4303906378,,,,,
Suwannee,2026,R-Prelim,756794572,756794572,,,,,
Taylor,2026,R-Prelim,295243806,295243806,,,,,
Union,2026,R-Prelim,38776843,38776843,,,,,
Volusia,2026,R-Prelim,18219866408,18219866408,,,,,
Wakulla,2026,R-Prelim,586286812,586286812,,,,,
Walton,2026,R-Prelim,3431421424,3431421424,,,,,
Washington,2026,R-Prelim,363492024,363492024,,,,,
