county,nal_file,roll,homestead_parcels,median_soh_differential,p25_soh_differential,p75_soh_differential,p90_soh_differential,p99_soh_differential,max_soh_differential,share_with_zero_differential,parcels_differential_over_500k,share_over_500k,differential_above_500k_total,median_homestead_just_value,median_homestead_assessed_value
Alachua,Alachua 11 Preliminary NAL 2026.zip,Preliminary,54802,81562,31358,124631,173507,358711,1408603,0.1438,163,0.003,22196764,267126,181526
Baker,Baker 12 Preliminary NAL 2026.zip,Preliminary,6869,76630,38356,115227,158802,265299,738763,0.1087,2,0.0003,262954,227714,144964
Bay,Bay 13 Preliminary NAL 2026.zip,Preliminary,45901,34673,7034,78944,145123,410852,3206136,0.1823,276,0.006,95537667,254547,201526
Bradford,Bradford 14 Preliminary NAL 2026.zip,Preliminary,7071,54846,33662,81270,123208,252595,604974,0.0765,3,0.0004,245010,165836,109820
Brevard,Brevard 15 Preliminary NAL 2026.zip,Preliminary,182211,102180,19410,165750,233940,492134,3730320,0.2,1735,0.0095,456291500,295010,197470
Broward,Broward Preliminary NAL 2026.zip,Preliminary,419468,184130,64050,315210,444200,1253659,27008460,0.1162,30814,0.0735,12226393020,454050,246010
Calhoun,Calhoun 17 Preliminary NAL 2026.zip,Preliminary,3276,27438,7959,55880,89914,171405,359894,0.0855,0,0.0,0,110101,75430
Charlotte,Charlotte 18 Preliminary NAL 2026.zip,Preliminary,69832,46378,0,106618,159684,342023,7457627,0.3353,246,0.0035,121875495,268345,210203
Citrus,Citrus 19 Final NAL 2026.zip,Final,56159,74906,15916,115196,159967,313888,2545863,0.1929,117,0.0021,29077829,219057,146845
Clay,Clay 20 Preliminary NAL 2026.zip,Preliminary,60166,97626,30852,142903,191169,379463,2564613,0.1707,240,0.004,38092979,295396,199980
Collier,Collier 21 Preliminary NAL 2026.zip,Preliminary,108425,129142,19178,268848,543748,2377386,42312343,0.2175,11986,0.1105,9445924749,510968,360305
Columbia,Columbia 22 Preliminary NAL 2026.zip,Preliminary,16809,62967,29451,94327,129974,230534,638262,0.0857,5,0.0003,336655,195194,125837
DeSoto,DeSoto 24 Preliminary NAL 2026.zip,Preliminary,6415,86128,26258,137082,200247,370815,618146,0.1687,18,0.0028,798977,211724,122494
Dixie,Dixie 25 Preliminary NAL 2026.zip,Preliminary,4912,27910,10063,51424,77109,163340,486720,0.1427,0,0.0,0,96800,57499
Duval,Duval 26 Preliminary NAL 2026.zip,Preliminary,212984,91091,31325,140370,210423,662772,12510222,0.1575,3818,0.0179,1430027339,282208,193666
Escambia,Escambia 27 Preliminary NAL 2026.zip,Preliminary,76258,75536,23276,117157,171843,431427,4275120,0.1708,500,0.0066,129254852,241208,156122
Flagler,Flagler 28 Preliminary NAL 2026.zip,Preliminary,43657,73674,0,117824,174869,409950,2169221,0.2967,213,0.0049,46685722,289526,230486
Franklin,Franklin 29 Preliminary NAL 2026.zip,Preliminary,3471,76355,26566,161710,311742,821165,2513322,0.1513,140,0.0403,36143572,264875,150568
Gadsden,Gadsden 30 Preliminary NAL 2026.zip,Preliminary,10381,34291,11969,61370,90683,179085,2596638,0.1399,3,0.0003,2776835,135846,96235
Gilchrist,Gilchrist 31 Preliminary NAL 2026.zip,Preliminary,5668,57414,25871,93220,133214,243579,471962,0.1006,0,0.0,0,179446,113548
Glades,Glades 32 Preliminary NAL 2026.zip,Preliminary,2759,42818,12351,76230,122886,238123,493104,0.1685,0,0.0,0,164854,113161
Gulf,Gulf 33 Preliminary NAL 2026.zip,Preliminary,4225,89217,18812,170274,280666,737427,2111462,0.1844,115,0.0272,32206690,272178,147244
Hamilton,Hamilton 34 Preliminary NAL 2026.zip,Preliminary,2903,51404,22882,89516,132872,284168,798135,0.0934,2,0.0007,322765,144765,86295
Hardee,Hardee 35 Preliminary NAL 2026.zip,Preliminary,4589,85839,40506,132495,183032,282051,658507,0.0935,1,0.0002,158507,196902,106348
Hendry,Hendry 36 Preliminary NAL 2026.zip,Preliminary,8721,70514,10689,120624,181272,405680,1052368,0.2113,41,0.0047,5842740,209756,129052
Hernando,Hernando 37 Preliminary NAL 2026.zip,Preliminary,62191,88588,3348,143589,192609,357342,3176651,0.2394,157,0.0025,27900117,260958,162483
Highlands,Highlands 38 Preliminary NAL 2026.zip,Preliminary,27044,68776,19475,106617,150728,290459,1025102,0.1664,19,0.0007,1864060,199734,127441
Hillsborough,Hillsborough 39 Preliminary NAL 2026.zip,Preliminary,315709,105488,22464,173228,247458,667754,11933990,0.2038,5836,0.0185,2504178779,316076,217044
Holmes,Holmes 40 Preliminary NAL 2026.zip,Preliminary,4920,20953,11550,33830,47708,91867,514339,0.0882,1,0.0002,14339,107632,83700
Indian River,Indian River 41 Preliminary NAL 2026.zip,Preliminary,51024,121942,36864,195726,341349,2145361,28359514,0.1714,3218,0.0631,2916465646,337356,225290
Jackson,Jackson 42 Preliminary NAL 2026.zip,Preliminary,10606,39594,17418,65706,96426,170265,2215750,0.1295,1,0.0001,1715750,135025,89095
Jefferson,Jefferson 43 Preliminary NAL 2026.zip,Preliminary,3946,51333,19502,88582,132218,248264,616195,0.1064,3,0.0008,211749,180648,121295
Lafayette,Lafayette 44 Preliminary NAL 2026.zip,Preliminary,1862,28964,6814,79324,130148,222839,482052,0.1031,0,0.0,0,137999,92922
Lake,Lake 45 Preliminary NAL 2026.zip,Preliminary,114071,84392,23234,145375,203239,396134,2114581,0.1879,476,0.0042,69906217,312908,217480
Lee,Lee 46 Preliminary NAL 2026.zip,Preliminary,214474,72732,2270,147485,216894,663525,70506406,0.2415,3764,0.0175,2111295036,302500,234198
Leon,Leon 47 Preliminary NAL 2026.zip,Preliminary,58098,73120,32024,110417,153524,292640,1210697,0.0907,52,0.0009,9292886,275266,198717
Levy,Levy 48 Preliminary NAL 2026.zip,Preliminary,14224,68976,23159,112807,159196,291917,1034522,0.1327,8,0.0006,935621,185348,109234
Liberty,Liberty 49 Preliminary NAL 2026.zip,Preliminary,1686,18555,5858,44208,79240,166821,749780,0.0623,1,0.0006,249780,97442,70240
Madison,Madison 50 Preliminary NAL 2026.zip,Preliminary,4440,53474,25631,85398,124679,249402,595926,0.123,3,0.0007,158638,142880,87223
Manatee,Manatee 51 Preliminary NAL 2026.zip,Preliminary,112560,85730,0,172469,269380,780453,6500132,0.2992,2744,0.0244,1049723988,371550,275850
Marion,Marion 52 Preliminary NAL 2026.zip,Preliminary,121437,69580,10973,114150,165043,410094,6303920,0.2072,660,0.0054,189867248,233570,161954
Martin,Martin 53 Preliminary NAL 2026.zip,Preliminary,48966,141844,50922,237537,427108,2078008,22347522,0.1426,3804,0.0777,3235868247,413045,267972
Miami-Dade,Dade 23 Preliminary NAL 2026.zip,Preliminary,451377,218511,98247,322457,499279,1994556,128721022,0.1112,44851,0.0994,32803014767,457186,243147
Monroe,Monroe 54 Preliminary NAL 2026.zip,Preliminary,15702,276279,98031,517580,982782,4095740,39123047,0.1532,4131,0.2631,3178636798,743956,463398
Nassau,Nassau 55 Preliminary NAL 2026.zip,Preliminary,31913,117467,39659,224336,373448,979451,8420076,0.1369,1647,0.0516,575559161,396091,268731
Okaloosa,Okaloosa 56 Preliminary NAL 2026.zip,Preliminary,51326,68303,0,118687,187989,570020,3823157,0.2518,733,0.0143,194267581,282136,217894
Okeechobee,Okeechobee 57 Preliminary NAL 2026.zip,Preliminary,8946,81048,24784,132369,184008,312864,1176505,0.1469,13,0.0015,1651410,204684,119632
Orange,Orange 58 Preliminary NAL 2026.zip,Preliminary,255817,145692,59509,209297,276451,675131,6857687,0.1431,5214,0.0204,1709063708,381530,245560
Osceola,Osceola 59 Preliminary NAL 2026.zip,Preliminary,87265,83810,0,150076,191149,315976,1414239,0.254,156,0.0018,22217634,314200,232546
Palm Beach,Palm Beach 60 Preliminary NAL 2026.zip,Preliminary,366108,155335,51039,273196,479288,2592176,131552241,0.1431,34191,0.0934,37971462000,434408,265870
Pasco,Pasco 61 Preliminary NAL 2026.zip,Preliminary,169296,83074,8848,146315,200180,337412,3325005,0.2173,234,0.0014,26633123,295452,201580
Pinellas,Pinellas 62 Preliminary NAL 2026.zip,Preliminary,250466,126552,37836,211346,333325,954111,29658808,0.1643,10747,0.0429,3800812824,326723,190537
Polk,Polk 63 Preliminary NAL 2026.zip,Preliminary,174240,63018,0,122115,165447,297754,1751682,0.2512,231,0.0013,40161991,244806,177328
Putnam,Putnam 64 Preliminary NAL 2026.zip,Preliminary,20992,47155,14720,86760,143408,322010,1642320,0.1865,42,0.002,8110882,149745,96235
Saint Johns,Saint Johns 65 Preliminary NAL 2026.zip,Preliminary,96532,112468,9743,198783,327993,1098944,17601129,0.2238,4360,0.0452,2144517418,444119,329532
Saint Lucie,Saint Lucie 66 Preliminary NAL 2026.zip,Preliminary,106134,102238,3976,182310,224198,414834,5310998,0.2386,630,0.0059,171860882,324900,215054
Santa Rosa,Santa Rosa 67 Preliminary NAL 2026.zip,Preliminary,55270,65274,7192,104597,153194,369506,2672712,0.2144,255,0.0046,61073474,272685,208604
Sarasota,Sarasota 68 Preliminary NAL 2026.zip,Preliminary,139125,60522,0,129978,229683,924921,13548406,0.2898,4307,0.031,2156190518,325600,258309
Seminole,Seminole 58 Preliminary NAL 2026.zip,Preliminary,106895,141635,60745,198835,257159,476131,2043701,0.1372,887,0.0083,152643370,369398,244042
Sumter,Sumter 70 Preliminary NAL 2026.zip,Preliminary,60115,54480,695,99990,164050,373562,1737820,0.2474,176,0.0029,21516370,318660,263330
Suwannee,Suwannee 71 Preliminary NAL 2026.zip,Preliminary,11313,55193,25429,94398,139059,249875,827237,0.0661,3,0.0003,418059,162159,98639
Taylor,Taylor 72 Preliminary NAL 2026.zip,Preliminary,5470,45125,16550,76100,113086,234079,1020560,0.1717,2,0.0004,559450,133565,80295
Union,Union 73 Preliminary NAL 2026.zip,Preliminary,2993,8508,0,18893,30150,81698,290767,0.2576,0,0.0,0,98400,86361
Volusia,Volusia 74 Preliminary NAL 2026.zip,Preliminary,159518,99903,25362,159795,218060,521384,3701812,0.1856,1764,0.0111,592835446,290476,192694
Wakulla,Wakulla 75 Preliminary NAL 2026.zip,Preliminary,10536,43540,10748,77616,117284,257657,746325,0.1882,9,0.0009,895636,203276,151116
Walton,Walton 76 Preliminary NAL 2026.zip,Preliminary,22789,51762,0,149042,378942,1471035,14149946,0.2666,1551,0.0681,863982725,349496,260765
Washington,Washington 77 Preliminary NAL 2026.zip,Preliminary,6409,50502,18059,82270,115243,206124,413807,0.1198,0,0.0,0,160803,103868
